"DFC","CONTA","SUBCONTA"
"Custo","Fornecedores Revenda","Fornecedor Revenda"
"Custo","Fornecedores Revenda","Fornecedor Revenda"
"Custo","Fornecedores Revenda","Fornecedor Revenda"
"Custo","Fornecedores Revenda","Fornecedor Revenda"
"Custo","Fornecedores Revenda","Fornecedor Revenda"
"Custo","Fornecedores Revenda","Fornecedor Revenda"
"Custo","Fornecedores Revenda","Fornecedor Revenda"
"Custo","Fornecedores Revenda","Fornecedor Revenda"
"Custo","Fornecedores Revenda","Fornecedor Revenda"
"Custo","Fornecedores Revenda","Fornecedor Revenda"
"Custo","Fornecedores Revenda","Fornecedor Revenda"
"Custo","Fornecedores Revenda","Fornecedor Revenda"
"Despesa","Aluguel/ Condominio/ Iptu","Aluguel"
"Despesa","Aluguel/ Condominio/ Iptu","Aluguel"
"Despesa","Aluguel/ Condominio/ Iptu","Aluguel"
"Despesa","Aluguel/ Condominio/ Iptu","Aluguel"
"Despesa","Aluguel/ Condominio/ Iptu","Aluguel"
"Despesa","Aluguel/ Condominio/ Iptu","Aluguel"
"Despesa","Aluguel/ Condominio/ Iptu","Aluguel"
"Despesa","Aluguel/ Condominio/ Iptu","Aluguel"
"Despesa","Aluguel/ Condominio/ Iptu","Aluguel"
"Despesa","Aluguel/ Condominio/ Iptu","Aluguel"
"Despesa","Aluguel/ Condominio/ Iptu","Aluguel"
"Despesa","Aluguel/ Condominio/ Iptu","Aluguel"
"Despesa","Despesas Comerciais","Transporte Consultoras"
"Despesa","Despesas Comerciais","Transporte Consultoras"
"Despesa","Despesas Comerciais","Transporte Consultoras"
"Despesa","Despesas Comerciais","Transporte Consultoras"
"Despesa","Despesas Comerciais","Transporte Consultoras"
"Despesa","Despesas Comerciais","Transporte Consultoras"
"Despesa","Despesas Comerciais","Transporte Consultoras"
"Despesa","Despesas Comerciais","Transporte Consultoras"
"Despesa","Despesas Comerciais","Transporte Consultoras"
"Despesa","Despesas Comerciais","Transporte Consultoras"
"Despesa","Despesas Comerciais","Transporte Consultoras"
"Despesa","Despesas Comerciais","Transporte Consultoras"
"Despesa","Despesas com Pessoal/ RH","Free Lance"
"Despesa","Despesas com Pessoal/ RH","Free Lance"
"Despesa","Despesas com Pessoal/ RH","Free Lance"
"Despesa","Despesas com Pessoal/ RH","Free Lance"
"Despesa","Despesas com Pessoal/ RH","Free Lance"
"Despesa","Despesas com Pessoal/ RH","Free Lance"
"Despesa","Despesas com Pessoal/ RH","Free Lance"
"Despesa","Despesas com Pessoal/ RH","Free Lance"
"Despesa","Despesas com Pessoal/ RH","Free Lance"
"Despesa","Despesas com Pessoal/ RH","Free Lance"
"Despesa","Despesas com Pessoal/ RH","Free Lance"
"Despesa","Despesas com Pessoal/ RH","Free Lance"
"Despesa","Despesas Comerciais","Material Campanha Comercial"
"Despesa","Despesas Comerciais","Material Campanha Comercial"
"Despesa","Despesas Comerciais","Material Campanha Comercial"
"Despesa","Despesas Comerciais","Material Campanha Comercial"
"Despesa","Despesas Comerciais","Material Campanha Comercial"
"Despesa","Despesas Comerciais","Material Campanha Comercial"
"Despesa","Despesas Comerciais","Material Campanha Comercial"
"Despesa","Despesas Comerciais","Material Campanha Comercial"
"Despesa","Despesas Comerciais","Material Campanha Comercial"
"Despesa","Despesas Comerciais","Material Campanha Comercial"
"Despesa","Despesas Comerciais","Material Campanha Comercial"
"Despesa","Despesas Comerciais","Material Campanha Comercial"
"Despesa","Combustiveis/ Estacionamento/ Pedagio","Combustivel"
"Despesa","Combustiveis/ Estacionamento/ Pedagio","Combustivel"
"Despesa","Combustiveis/ Estacionamento/ Pedagio","Combustivel"
"Despesa","Combustiveis/ Estacionamento/ Pedagio","Combustivel"
"Despesa","Combustiveis/ Estacionamento/ Pedagio","Combustivel"
"Despesa","Combustiveis/ Estacionamento/ Pedagio","Combustivel"
"Despesa","Combustiveis/ Estacionamento/ Pedagio","Combustivel"
"Despesa","Combustiveis/ Estacionamento/ Pedagio","Combustivel"
"Despesa","Combustiveis/ Estacionamento/ Pedagio","Combustivel"
"Despesa","Combustiveis/ Estacionamento/ Pedagio","Combustivel"
"Despesa","Combustiveis/ Estacionamento/ Pedagio","Combustivel"
"Despesa","Combustiveis/ Estacionamento/ Pedagio","Combustivel"
"Despesa","Despesas Logisticas","Chapas"
"Despesa","Despesas Logisticas","Chapas"
"Despesa","Despesas Logisticas","Chapas"
"Despesa","Despesas Logisticas","Chapas"
"Despesa","Despesas Logisticas","Chapas"
"Despesa","Despesas Logisticas","Chapas"
"Despesa","Despesas Logisticas","Chapas"
"Despesa","Despesas Logisticas","Chapas"
"Despesa","Despesas Logisticas","Chapas"
"Despesa","Despesas Logisticas","Chapas"
"Despesa","Despesas Logisticas","Chapas"
"Despesa","Despesas Logisticas","Chapas"
"Despesa","Manutençao Geral","Manutençao Moveis e Equipamentos"
"Despesa","Manutençao Geral","Manutençao Moveis e Equipamentos"
"Despesa","Manutençao Geral","Manutençao Moveis e Equipamentos"
"Despesa","Manutençao Geral","Manutençao Moveis e Equipamentos"
"Despesa","Manutençao Geral","Manutençao Moveis e Equipamentos"
"Despesa","Manutençao Geral","Manutençao Moveis e Equipamentos"
"Despesa","Manutençao Geral","Manutençao Moveis e Equipamentos"
"Despesa","Manutençao Geral","Manutençao Moveis e Equipamentos"
"Despesa","Manutençao Geral","Manutençao Moveis e Equipamentos"
"Despesa","Manutençao Geral","Manutençao Moveis e Equipamentos"
"Despesa","Manutençao Geral","Manutençao Moveis e Equipamentos"
"Despesa","Manutençao Geral","Manutençao Moveis e Equipamentos"
"Despesa","Despesas Logisticas","Lavagem/ Higienizaçao Veiculo"
"Despesa","Despesas Logisticas","Lavagem/ Higienizaçao Veiculo"
"Despesa","Despesas Logisticas","Lavagem/ Higienizaçao Veiculo"
"Despesa","Despesas Logisticas","Lavagem/ Higienizaçao Veiculo"
"Despesa","Despesas Logisticas","Lavagem/ Higienizaçao Veiculo"
"Despesa","Despesas Logisticas","Lavagem/ Higienizaçao Veiculo"
"Despesa","Despesas Logisticas","Lavagem/ Higienizaçao Veiculo"
"Despesa","Despesas Logisticas","Lavagem/ Higienizaçao Veiculo"
"Despesa","Despesas Logisticas","Lavagem/ Higienizaçao Veiculo"
"Despesa","Despesas Logisticas","Lavagem/ Higienizaçao Veiculo"
"Despesa","Despesas Logisticas","Lavagem/ Higienizaçao Veiculo"
"Despesa","Despesas Logisticas","Lavagem/ Higienizaçao Veiculo"
"Despesa","Despesas com Pessoal/ RH","Refeiçao Funcionario"
"Despesa","Despesas com Pessoal/ RH","Refeiçao Funcionario"
"Despesa","Despesas com Pessoal/ RH","Refeiçao Funcionario"
"Despesa","Despesas com Pessoal/ RH","Refeiçao Funcionario"
"Despesa","Despesas com Pessoal/ RH","Refeiçao Funcionario"
"Despesa","Despesas com Pessoal/ RH","Refeiçao Funcionario"
"Despesa","Despesas com Pessoal/ RH","Refeiçao Funcionario"
"Despesa","Despesas com Pessoal/ RH","Refeiçao Funcionario"
"Despesa","Despesas com Pessoal/ RH","Refeiçao Funcionario"
"Despesa","Despesas com Pessoal/ RH","Refeiçao Funcionario"
"Despesa","Despesas com Pessoal/ RH","Refeiçao Funcionario"
"Despesa","Despesas com Pessoal/ RH","Refeiçao Funcionario"
"Despesa","Despesas com Pessoal/ RH","Comissao Funcionario"
"Despesa","Despesas com Pessoal/ RH","Comissao Funcionario"
"Despesa","Despesas com Pessoal/ RH","Comissao Funcionario"
"Despesa","Despesas com Pessoal/ RH","Comissao Funcionario"
"Despesa","Despesas com Pessoal/ RH","Comissao Funcionario"
"Despesa","Despesas com Pessoal/ RH","Comissao Funcionario"
"Despesa","Despesas com Pessoal/ RH","Comissao Funcionario"
"Despesa","Despesas com Pessoal/ RH","Comissao Funcionario"
"Despesa","Despesas com Pessoal/ RH","Comissao Funcionario"
"Despesa","Despesas com Pessoal/ RH","Comissao Funcionario"
"Despesa","Despesas com Pessoal/ RH","Comissao Funcionario"
"Despesa","Despesas com Pessoal/ RH","Comissao Funcionario"
"Despesa","Despesas com Pessoal/ RH","Diarista Limpeza"
"Despesa","Despesas com Pessoal/ RH","Diarista Limpeza"
"Despesa","Despesas com Pessoal/ RH","Diarista Limpeza"
"Despesa","Despesas com Pessoal/ RH","Diarista Limpeza"
"Despesa","Despesas com Pessoal/ RH","Diarista Limpeza"
"Despesa","Despesas com Pessoal/ RH","Diarista Limpeza"
"Despesa","Despesas com Pessoal/ RH","Diarista Limpeza"
"Despesa","Despesas com Pessoal/ RH","Diarista Limpeza"
"Despesa","Despesas com Pessoal/ RH","Diarista Limpeza"
"Despesa","Despesas com Pessoal/ RH","Diarista Limpeza"
"Despesa","Despesas com Pessoal/ RH","Diarista Limpeza"
"Despesa","Despesas com Pessoal/ RH","Diarista Limpeza"
"Despesa","Despesas Administrativas","Material Uso e Consumo"
"Despesa","Despesas Administrativas","Material Uso e Consumo"
"Despesa","Despesas Administrativas","Material Uso e Consumo"
"Despesa","Despesas Administrativas","Material Uso e Consumo"
"Despesa","Despesas Administrativas","Material Uso e Consumo"
"Despesa","Despesas Administrativas","Material Uso e Consumo"
"Despesa","Despesas Administrativas","Material Uso e Consumo"
"Despesa","Despesas Administrativas","Material Uso e Consumo"
"Despesa","Despesas Administrativas","Material Uso e Consumo"
"Despesa","Despesas Administrativas","Material Uso e Consumo"
"Despesa","Despesas Administrativas","Material Uso e Consumo"
"Despesa","Despesas Administrativas","Material Uso e Consumo"
"Despesa","Aluguel/ Condominio/ Iptu","IPTU / Taxa Lixo"
"Despesa","Aluguel/ Condominio/ Iptu","IPTU / Taxa Lixo"
"Despesa","Aluguel/ Condominio/ Iptu","IPTU / Taxa Lixo"
"Despesa","Aluguel/ Condominio/ Iptu","IPTU / Taxa Lixo"
"Despesa","Aluguel/ Condominio/ Iptu","IPTU / Taxa Lixo"
"Despesa","Aluguel/ Condominio/ Iptu","IPTU / Taxa Lixo"
"Despesa","Aluguel/ Condominio/ Iptu","IPTU / Taxa Lixo"
"Despesa","Aluguel/ Condominio/ Iptu","IPTU / Taxa Lixo"
"Despesa","Aluguel/ Condominio/ Iptu","IPTU / Taxa Lixo"
"Despesa","Aluguel/ Condominio/ Iptu","IPTU / Taxa Lixo"
"Despesa","Aluguel/ Condominio/ Iptu","IPTU / Taxa Lixo"
"Despesa","Aluguel/ Condominio/ Iptu","IPTU / Taxa Lixo"
"Despesa","Despesas Distribuidor","Distribuidor Ajuda Custo"
"Despesa","Despesas Distribuidor","Distribuidor Ajuda Custo"
"Despesa","Despesas Distribuidor","Distribuidor Ajuda Custo"
"Despesa","Despesas Distribuidor","Distribuidor Ajuda Custo"
"Despesa","Despesas Distribuidor","Distribuidor Ajuda Custo"
"Despesa","Despesas Distribuidor","Distribuidor Ajuda Custo"
"Despesa","Despesas Distribuidor","Distribuidor Ajuda Custo"
"Despesa","Despesas Distribuidor","Distribuidor Ajuda Custo"
"Despesa","Despesas Distribuidor","Distribuidor Ajuda Custo"
"Despesa","Despesas Distribuidor","Distribuidor Ajuda Custo"
"Despesa","Despesas Distribuidor","Distribuidor Ajuda Custo"
"Despesa","Despesas Distribuidor","Distribuidor Ajuda Custo"
"Custo","Fornecedores Revenda","Transferencia Fornecedor Revenda"
"Custo","Fornecedores Revenda","Transferencia Fornecedor Revenda"
"Custo","Fornecedores Revenda","Transferencia Fornecedor Revenda"
"Custo","Fornecedores Revenda","Transferencia Fornecedor Revenda"
"Custo","Fornecedores Revenda","Transferencia Fornecedor Revenda"
"Custo","Fornecedores Revenda","Transferencia Fornecedor Revenda"
"Custo","Fornecedores Revenda","Transferencia Fornecedor Revenda"
"Custo","Fornecedores Revenda","Transferencia Fornecedor Revenda"
"Custo","Fornecedores Revenda","Transferencia Fornecedor Revenda"
"Custo","Fornecedores Revenda","Transferencia Fornecedor Revenda"
"Custo","Fornecedores Revenda","Transferencia Fornecedor Revenda"
"Custo","Fornecedores Revenda","Transferencia Fornecedor Revenda"
"Investimento","Investimentos","Investimento Moveis e Equipamentos"
"Investimento","Investimentos","Investimento Moveis e Equipamentos"
"Investimento","Investimentos","Investimento Moveis e Equipamentos"
"Investimento","Investimentos","Investimento Moveis e Equipamentos"
"Investimento","Investimentos","Investimento Moveis e Equipamentos"
"Investimento","Investimentos","Investimento Moveis e Equipamentos"
"Investimento","Investimentos","Investimento Moveis e Equipamentos"
"Investimento","Investimentos","Investimento Moveis e Equipamentos"
"Investimento","Investimentos","Investimento Moveis e Equipamentos"
"Investimento","Investimentos","Investimento Moveis e Equipamentos"
"Investimento","Investimentos","Investimento Moveis e Equipamentos"
"Investimento","Investimentos","Investimento Moveis e Equipamentos"
"Custo","Despesas Operacionais ","Despesa Embalagens"
"Custo","Despesas Operacionais ","Despesa Embalagens"
"Custo","Despesas Operacionais ","Despesa Embalagens"
"Custo","Despesas Operacionais ","Despesa Embalagens"
"Custo","Despesas Operacionais ","Despesa Embalagens"
"Custo","Despesas Operacionais ","Despesa Embalagens"
"Custo","Despesas Operacionais ","Despesa Embalagens"
"Custo","Despesas Operacionais ","Despesa Embalagens"
"Custo","Despesas Operacionais ","Despesa Embalagens"
"Custo","Despesas Operacionais ","Despesa Embalagens"
"Custo","Despesas Operacionais ","Despesa Embalagens"
"Custo","Despesas Operacionais ","Despesa Embalagens"
"Despesa","Sistemas","Sistema Contabil/ Fiscal"
"Despesa","Sistemas","Sistema Contabil/ Fiscal"
"Despesa","Sistemas","Sistema Contabil/ Fiscal"
"Despesa","Sistemas","Sistema Contabil/ Fiscal"
"Despesa","Sistemas","Sistema Contabil/ Fiscal"
"Despesa","Sistemas","Sistema Contabil/ Fiscal"
"Despesa","Sistemas","Sistema Contabil/ Fiscal"
"Despesa","Sistemas","Sistema Contabil/ Fiscal"
"Despesa","Sistemas","Sistema Contabil/ Fiscal"
"Despesa","Sistemas","Sistema Contabil/ Fiscal"
"Despesa","Sistemas","Sistema Contabil/ Fiscal"
"Despesa","Sistemas","Sistema Contabil/ Fiscal"
"Despesa","Despesas com Pessoal/ RH","FGTS Rescisorio (GRRF)"
"Despesa","Despesas com Pessoal/ RH","FGTS Rescisorio (GRRF)"
"Despesa","Despesas com Pessoal/ RH","FGTS Rescisorio (GRRF)"
"Despesa","Despesas com Pessoal/ RH","FGTS Rescisorio (GRRF)"
"Despesa","Despesas com Pessoal/ RH","FGTS Rescisorio (GRRF)"
"Despesa","Despesas com Pessoal/ RH","FGTS Rescisorio (GRRF)"
"Despesa","Despesas com Pessoal/ RH","FGTS Rescisorio (GRRF)"
"Despesa","Despesas com Pessoal/ RH","FGTS Rescisorio (GRRF)"
"Despesa","Despesas com Pessoal/ RH","FGTS Rescisorio (GRRF)"
"Despesa","Despesas com Pessoal/ RH","FGTS Rescisorio (GRRF)"
"Despesa","Despesas com Pessoal/ RH","FGTS Rescisorio (GRRF)"
"Despesa","Despesas com Pessoal/ RH","FGTS Rescisorio (GRRF)"
"Despesa","Contas de Consumo","Energia Eletrica"
"Despesa","Contas de Consumo","Energia Eletrica"
"Despesa","Contas de Consumo","Energia Eletrica"
"Despesa","Contas de Consumo","Energia Eletrica"
"Despesa","Contas de Consumo","Energia Eletrica"
"Despesa","Contas de Consumo","Energia Eletrica"
"Despesa","Contas de Consumo","Energia Eletrica"
"Despesa","Contas de Consumo","Energia Eletrica"
"Despesa","Contas de Consumo","Energia Eletrica"
"Despesa","Contas de Consumo","Energia Eletrica"
"Despesa","Contas de Consumo","Energia Eletrica"
"Despesa","Contas de Consumo","Energia Eletrica"
"Despesa","Despesas MKT Internet","Despesa Midia Redes Sociais"
"Despesa","Despesas MKT Internet","Despesa Midia Redes Sociais"
"Despesa","Despesas MKT Internet","Despesa Midia Redes Sociais"
"Despesa","Despesas MKT Internet","Despesa Midia Redes Sociais"
"Despesa","Despesas MKT Internet","Despesa Midia Redes Sociais"
"Despesa","Despesas MKT Internet","Despesa Midia Redes Sociais"
"Despesa","Despesas MKT Internet","Despesa Midia Redes Sociais"
"Despesa","Despesas MKT Internet","Despesa Midia Redes Sociais"
"Despesa","Despesas MKT Internet","Despesa Midia Redes Sociais"
"Despesa","Despesas MKT Internet","Despesa Midia Redes Sociais"
"Despesa","Despesas MKT Internet","Despesa Midia Redes Sociais"
"Despesa","Despesas MKT Internet","Despesa Midia Redes Sociais"
"Despesa","Contabilidade","Contabilidade Terceirizada"
"Despesa","Contabilidade","Contabilidade Terceirizada"
"Despesa","Contabilidade","Contabilidade Terceirizada"
"Despesa","Contabilidade","Contabilidade Terceirizada"
"Despesa","Contabilidade","Contabilidade Terceirizada"
"Despesa","Contabilidade","Contabilidade Terceirizada"
"Despesa","Contabilidade","Contabilidade Terceirizada"
"Despesa","Contabilidade","Contabilidade Terceirizada"
"Despesa","Contabilidade","Contabilidade Terceirizada"
"Despesa","Contabilidade","Contabilidade Terceirizada"
"Despesa","Contabilidade","Contabilidade Terceirizada"
"Despesa","Contabilidade","Contabilidade Terceirizada"
"Despesa","Fretes CC","Frete Compra"
"Despesa","Fretes CC","Frete Compra"
"Despesa","Fretes CC","Frete Compra"
"Despesa","Fretes CC","Frete Compra"
"Despesa","Fretes CC","Frete Compra"
"Despesa","Fretes CC","Frete Compra"
"Despesa","Fretes CC","Frete Compra"
"Despesa","Fretes CC","Frete Compra"
"Despesa","Fretes CC","Frete Compra"
"Despesa","Fretes CC","Frete Compra"
"Despesa","Fretes CC","Frete Compra"
"Despesa","Fretes CC","Frete Compra"
"Despesa","Despesas Administrativas","Moveis e Equipamentos"
"Despesa","Despesas Administrativas","Moveis e Equipamentos"
"Despesa","Despesas Administrativas","Moveis e Equipamentos"
"Despesa","Despesas Administrativas","Moveis e Equipamentos"
"Despesa","Despesas Administrativas","Moveis e Equipamentos"
"Despesa","Despesas Administrativas","Moveis e Equipamentos"
"Despesa","Despesas Administrativas","Moveis e Equipamentos"
"Despesa","Despesas Administrativas","Moveis e Equipamentos"
"Despesa","Despesas Administrativas","Moveis e Equipamentos"
"Despesa","Despesas Administrativas","Moveis e Equipamentos"
"Despesa","Despesas Administrativas","Moveis e Equipamentos"
"Despesa","Despesas Administrativas","Moveis e Equipamentos"
"Despesa","Despesas MKT Publicidade","Material Promocional"
"Despesa","Despesas MKT Publicidade","Material Promocional"
"Despesa","Despesas MKT Publicidade","Material Promocional"
"Despesa","Despesas MKT Publicidade","Material Promocional"
"Despesa","Despesas MKT Publicidade","Material Promocional"
"Despesa","Despesas MKT Publicidade","Material Promocional"
"Despesa","Despesas MKT Publicidade","Material Promocional"
"Despesa","Despesas MKT Publicidade","Material Promocional"
"Despesa","Despesas MKT Publicidade","Material Promocional"
"Despesa","Despesas MKT Publicidade","Material Promocional"
"Despesa","Despesas MKT Publicidade","Material Promocional"
"Despesa","Despesas MKT Publicidade","Material Promocional"
"Despesa","Manutençao Geral","Manutençao Predial"
"Despesa","Manutençao Geral","Manutençao Predial"
"Despesa","Manutençao Geral","Manutençao Predial"
"Despesa","Manutençao Geral","Manutençao Predial"
"Despesa","Manutençao Geral","Manutençao Predial"
"Despesa","Manutençao Geral","Manutençao Predial"
"Despesa","Manutençao Geral","Manutençao Predial"
"Despesa","Manutençao Geral","Manutençao Predial"
"Despesa","Manutençao Geral","Manutençao Predial"
"Despesa","Manutençao Geral","Manutençao Predial"
"Despesa","Manutençao Geral","Manutençao Predial"
"Despesa","Manutençao Geral","Manutençao Predial"
"Despesa","Despesas com Pessoal/ RH","Rescisao"
"Despesa","Despesas com Pessoal/ RH","Rescisao"
"Despesa","Despesas com Pessoal/ RH","Rescisao"
"Despesa","Despesas com Pessoal/ RH","Rescisao"
"Despesa","Despesas com Pessoal/ RH","Rescisao"
"Despesa","Despesas com Pessoal/ RH","Rescisao"
"Despesa","Despesas com Pessoal/ RH","Rescisao"
"Despesa","Despesas com Pessoal/ RH","Rescisao"
"Despesa","Despesas com Pessoal/ RH","Rescisao"
"Despesa","Despesas com Pessoal/ RH","Rescisao"
"Despesa","Despesas com Pessoal/ RH","Rescisao"
"Despesa","Despesas com Pessoal/ RH","Rescisao"
"Despesa","Despesas com Pessoal/ RH","Salario SR"
"Despesa","Despesas com Pessoal/ RH","Salario SR"
"Despesa","Despesas com Pessoal/ RH","Salario SR"
"Despesa","Despesas com Pessoal/ RH","Salario SR"
"Despesa","Despesas com Pessoal/ RH","Salario SR"
"Despesa","Despesas com Pessoal/ RH","Salario SR"
"Despesa","Despesas com Pessoal/ RH","Salario SR"
"Despesa","Despesas com Pessoal/ RH","Salario SR"
"Despesa","Despesas com Pessoal/ RH","Salario SR"
"Despesa","Despesas com Pessoal/ RH","Salario SR"
"Despesa","Despesas com Pessoal/ RH","Salario SR"
"Despesa","Despesas com Pessoal/ RH","Salario SR"
"Imposto","Impostos Federais","PIS"
"Imposto","Impostos Federais","PIS"
"Imposto","Impostos Federais","PIS"
"Imposto","Impostos Federais","PIS"
"Imposto","Impostos Federais","PIS"
"Imposto","Impostos Federais","PIS"
"Imposto","Impostos Federais","PIS"
"Imposto","Impostos Federais","PIS"
"Imposto","Impostos Federais","PIS"
"Imposto","Impostos Federais","PIS"
"Imposto","Impostos Federais","PIS"
"Imposto","Impostos Federais","PIS"
"Despesa","Despesas Recursos Humanos","Medicina e Segurança do Trabalho"
"Despesa","Despesas Recursos Humanos","Medicina e Segurança do Trabalho"
"Despesa","Despesas Recursos Humanos","Medicina e Segurança do Trabalho"
"Despesa","Despesas Recursos Humanos","Medicina e Segurança do Trabalho"
"Despesa","Despesas Recursos Humanos","Medicina e Segurança do Trabalho"
"Despesa","Despesas Recursos Humanos","Medicina e Segurança do Trabalho"
"Despesa","Despesas Recursos Humanos","Medicina e Segurança do Trabalho"
"Despesa","Despesas Recursos Humanos","Medicina e Segurança do Trabalho"
"Despesa","Despesas Recursos Humanos","Medicina e Segurança do Trabalho"
"Despesa","Despesas Recursos Humanos","Medicina e Segurança do Trabalho"
"Despesa","Despesas Recursos Humanos","Medicina e Segurança do Trabalho"
"Despesa","Despesas Recursos Humanos","Medicina e Segurança do Trabalho"
"Despesa","Despesas com Pessoal/ RH","DARF (Ret IR)"
"Despesa","Despesas com Pessoal/ RH","DARF (Ret IR)"
"Despesa","Despesas com Pessoal/ RH","DARF (Ret IR)"
"Despesa","Despesas com Pessoal/ RH","DARF (Ret IR)"
"Despesa","Despesas com Pessoal/ RH","DARF (Ret IR)"
"Despesa","Despesas com Pessoal/ RH","DARF (Ret IR)"
"Despesa","Despesas com Pessoal/ RH","DARF (Ret IR)"
"Despesa","Despesas com Pessoal/ RH","DARF (Ret IR)"
"Despesa","Despesas com Pessoal/ RH","DARF (Ret IR)"
"Despesa","Despesas com Pessoal/ RH","DARF (Ret IR)"
"Despesa","Despesas com Pessoal/ RH","DARF (Ret IR)"
"Despesa","Despesas com Pessoal/ RH","DARF (Ret IR)"
"Despesa","Despesas com Pessoal/ RH","Consignado eSocial"
"Despesa","Despesas com Pessoal/ RH","Consignado eSocial"
"Despesa","Despesas com Pessoal/ RH","Consignado eSocial"
"Despesa","Despesas com Pessoal/ RH","Consignado eSocial"
"Despesa","Despesas com Pessoal/ RH","Consignado eSocial"
"Despesa","Despesas com Pessoal/ RH","Consignado eSocial"
"Despesa","Despesas com Pessoal/ RH","Consignado eSocial"
"Despesa","Despesas com Pessoal/ RH","Consignado eSocial"
"Despesa","Despesas com Pessoal/ RH","Consignado eSocial"
"Despesa","Despesas com Pessoal/ RH","Consignado eSocial"
"Despesa","Despesas com Pessoal/ RH","Consignado eSocial"
"Despesa","Despesas com Pessoal/ RH","Consignado eSocial"
"Despesa","Despesas Viagem","Viagem Passagem Aerea"
"Despesa","Despesas Viagem","Viagem Passagem Aerea"
"Despesa","Despesas Viagem","Viagem Passagem Aerea"
"Despesa","Despesas Viagem","Viagem Passagem Aerea"
"Despesa","Despesas Viagem","Viagem Passagem Aerea"
"Despesa","Despesas Viagem","Viagem Passagem Aerea"
"Despesa","Despesas Viagem","Viagem Passagem Aerea"
"Despesa","Despesas Viagem","Viagem Passagem Aerea"
"Despesa","Despesas Viagem","Viagem Passagem Aerea"
"Despesa","Despesas Viagem","Viagem Passagem Aerea"
"Despesa","Despesas Viagem","Viagem Passagem Aerea"
"Despesa","Despesas Viagem","Viagem Passagem Aerea"
"Despesa","Despesas Recursos Humanos","Despesas Reuniao"
"Despesa","Despesas Recursos Humanos","Despesas Reuniao"
"Despesa","Despesas Recursos Humanos","Despesas Reuniao"
"Despesa","Despesas Recursos Humanos","Despesas Reuniao"
"Despesa","Despesas Recursos Humanos","Despesas Reuniao"
"Despesa","Despesas Recursos Humanos","Despesas Reuniao"
"Despesa","Despesas Recursos Humanos","Despesas Reuniao"
"Despesa","Despesas Recursos Humanos","Despesas Reuniao"
"Despesa","Despesas Recursos Humanos","Despesas Reuniao"
"Despesa","Despesas Recursos Humanos","Despesas Reuniao"
"Despesa","Despesas Recursos Humanos","Despesas Reuniao"
"Despesa","Despesas Recursos Humanos","Despesas Reuniao"
"Despesa","Despesas Administrativas","Correios Administrativo/ Financeiro"
"Despesa","Despesas Administrativas","Correios Administrativo/ Financeiro"
"Despesa","Despesas Administrativas","Correios Administrativo/ Financeiro"
"Despesa","Despesas Administrativas","Correios Administrativo/ Financeiro"
"Despesa","Despesas Administrativas","Correios Administrativo/ Financeiro"
"Despesa","Despesas Administrativas","Correios Administrativo/ Financeiro"
"Despesa","Despesas Administrativas","Correios Administrativo/ Financeiro"
"Despesa","Despesas Administrativas","Correios Administrativo/ Financeiro"
"Despesa","Despesas Administrativas","Correios Administrativo/ Financeiro"
"Despesa","Despesas Administrativas","Correios Administrativo/ Financeiro"
"Despesa","Despesas Administrativas","Correios Administrativo/ Financeiro"
"Despesa","Despesas Administrativas","Correios Administrativo/ Financeiro"
"Despesa","Despesas com Pessoal/ RH","Bonificaçao Funcionario"
"Despesa","Despesas com Pessoal/ RH","Bonificaçao Funcionario"
"Despesa","Despesas com Pessoal/ RH","Bonificaçao Funcionario"
"Despesa","Despesas com Pessoal/ RH","Bonificaçao Funcionario"
"Despesa","Despesas com Pessoal/ RH","Bonificaçao Funcionario"
"Despesa","Despesas com Pessoal/ RH","Bonificaçao Funcionario"
"Despesa","Despesas com Pessoal/ RH","Bonificaçao Funcionario"
"Despesa","Despesas com Pessoal/ RH","Bonificaçao Funcionario"
"Despesa","Despesas com Pessoal/ RH","Bonificaçao Funcionario"
"Despesa","Despesas com Pessoal/ RH","Bonificaçao Funcionario"
"Despesa","Despesas com Pessoal/ RH","Bonificaçao Funcionario"
"Despesa","Despesas com Pessoal/ RH","Bonificaçao Funcionario"
"Despesa","Despesas Financeiras","Tarifa Folha Pagamento"
"Despesa","Despesas Financeiras","Tarifa Folha Pagamento"
"Despesa","Despesas Financeiras","Tarifa Folha Pagamento"
"Despesa","Despesas Financeiras","Tarifa Folha Pagamento"
"Despesa","Despesas Financeiras","Tarifa Folha Pagamento"
"Despesa","Despesas Financeiras","Tarifa Folha Pagamento"
"Despesa","Despesas Financeiras","Tarifa Folha Pagamento"
"Despesa","Despesas Financeiras","Tarifa Folha Pagamento"
"Despesa","Despesas Financeiras","Tarifa Folha Pagamento"
"Despesa","Despesas Financeiras","Tarifa Folha Pagamento"
"Despesa","Despesas Financeiras","Tarifa Folha Pagamento"
"Despesa","Despesas Financeiras","Tarifa Folha Pagamento"
"Despesa","Despesas com Pessoal/ RH","FGTS Mensal"
"Despesa","Despesas com Pessoal/ RH","FGTS Mensal"
"Despesa","Despesas com Pessoal/ RH","FGTS Mensal"
"Despesa","Despesas com Pessoal/ RH","FGTS Mensal"
"Despesa","Despesas com Pessoal/ RH","FGTS Mensal"
"Despesa","Despesas com Pessoal/ RH","FGTS Mensal"
"Despesa","Despesas com Pessoal/ RH","FGTS Mensal"
"Despesa","Despesas com Pessoal/ RH","FGTS Mensal"
"Despesa","Despesas com Pessoal/ RH","FGTS Mensal"
"Despesa","Despesas com Pessoal/ RH","FGTS Mensal"
"Despesa","Despesas com Pessoal/ RH","FGTS Mensal"
"Despesa","Despesas com Pessoal/ RH","FGTS Mensal"
"Imposto","Impostos Federais","IRPJ"
"Imposto","Impostos Federais","IRPJ"
"Imposto","Impostos Federais","IRPJ"
"Imposto","Impostos Federais","IRPJ"
"Imposto","Impostos Federais","IRPJ"
"Imposto","Impostos Federais","IRPJ"
"Imposto","Impostos Federais","IRPJ"
"Imposto","Impostos Federais","IRPJ"
"Imposto","Impostos Federais","IRPJ"
"Imposto","Impostos Federais","IRPJ"
"Imposto","Impostos Federais","IRPJ"
"Imposto","Impostos Federais","IRPJ"
"Despesa","Despesas Viagem","Viagem Hospedagem"
"Despesa","Despesas Viagem","Viagem Hospedagem"
"Despesa","Despesas Viagem","Viagem Hospedagem"
"Despesa","Despesas Viagem","Viagem Hospedagem"
"Despesa","Despesas Viagem","Viagem Hospedagem"
"Despesa","Despesas Viagem","Viagem Hospedagem"
"Despesa","Despesas Viagem","Viagem Hospedagem"
"Despesa","Despesas Viagem","Viagem Hospedagem"
"Despesa","Despesas Viagem","Viagem Hospedagem"
"Despesa","Despesas Viagem","Viagem Hospedagem"
"Despesa","Despesas Viagem","Viagem Hospedagem"
"Despesa","Despesas Viagem","Viagem Hospedagem"
"Despesa","Despesas Administrativas","Material Escritorio/ Impressos"
"Despesa","Despesas Administrativas","Material Escritorio/ Impressos"
"Despesa","Despesas Administrativas","Material Escritorio/ Impressos"
"Despesa","Despesas Administrativas","Material Escritorio/ Impressos"
"Despesa","Despesas Administrativas","Material Escritorio/ Impressos"
"Despesa","Despesas Administrativas","Material Escritorio/ Impressos"
"Despesa","Despesas Administrativas","Material Escritorio/ Impressos"
"Despesa","Despesas Administrativas","Material Escritorio/ Impressos"
"Despesa","Despesas Administrativas","Material Escritorio/ Impressos"
"Despesa","Despesas Administrativas","Material Escritorio/ Impressos"
"Despesa","Despesas Administrativas","Material Escritorio/ Impressos"
"Despesa","Despesas Administrativas","Material Escritorio/ Impressos"
"Despesa","Manutençao Geral","Manutençao Eletrica"
"Despesa","Manutençao Geral","Manutençao Eletrica"
"Despesa","Manutençao Geral","Manutençao Eletrica"
"Despesa","Manutençao Geral","Manutençao Eletrica"
"Despesa","Manutençao Geral","Manutençao Eletrica"
"Despesa","Manutençao Geral","Manutençao Eletrica"
"Despesa","Manutençao Geral","Manutençao Eletrica"
"Despesa","Manutençao Geral","Manutençao Eletrica"
"Despesa","Manutençao Geral","Manutençao Eletrica"
"Despesa","Manutençao Geral","Manutençao Eletrica"
"Despesa","Manutençao Geral","Manutençao Eletrica"
"Despesa","Manutençao Geral","Manutençao Eletrica"
"Despesa","Despesas Operacionais ","Despesa Embalagens"
"Despesa","Despesas Operacionais ","Despesa Embalagens"
"Despesa","Despesas Operacionais ","Despesa Embalagens"
"Despesa","Despesas Operacionais ","Despesa Embalagens"
"Despesa","Despesas Operacionais ","Despesa Embalagens"
"Despesa","Despesas Operacionais ","Despesa Embalagens"
"Despesa","Despesas Operacionais ","Despesa Embalagens"
"Despesa","Despesas Operacionais ","Despesa Embalagens"
"Despesa","Despesas Operacionais ","Despesa Embalagens"
"Despesa","Despesas Operacionais ","Despesa Embalagens"
"Despesa","Despesas Operacionais ","Despesa Embalagens"
"Despesa","Despesas Operacionais ","Despesa Embalagens"
"Despesa","Despesas Administrativas","Segurança/ Monitoramento"
"Despesa","Despesas Administrativas","Segurança/ Monitoramento"
"Despesa","Despesas Administrativas","Segurança/ Monitoramento"
"Despesa","Despesas Administrativas","Segurança/ Monitoramento"
"Despesa","Despesas Administrativas","Segurança/ Monitoramento"
"Despesa","Despesas Administrativas","Segurança/ Monitoramento"
"Despesa","Despesas Administrativas","Segurança/ Monitoramento"
"Despesa","Despesas Administrativas","Segurança/ Monitoramento"
"Despesa","Despesas Administrativas","Segurança/ Monitoramento"
"Despesa","Despesas Administrativas","Segurança/ Monitoramento"
"Despesa","Despesas Administrativas","Segurança/ Monitoramento"
"Despesa","Despesas Administrativas","Segurança/ Monitoramento"
"Despesa","Contas de Consumo","Agua"
"Despesa","Contas de Consumo","Agua"
"Despesa","Contas de Consumo","Agua"
"Despesa","Contas de Consumo","Agua"
"Despesa","Contas de Consumo","Agua"
"Despesa","Contas de Consumo","Agua"
"Despesa","Contas de Consumo","Agua"
"Despesa","Contas de Consumo","Agua"
"Despesa","Contas de Consumo","Agua"
"Despesa","Contas de Consumo","Agua"
"Despesa","Contas de Consumo","Agua"
"Despesa","Contas de Consumo","Agua"
"Despesa","Despesas com Pessoal/ RH","INSS"
"Despesa","Despesas com Pessoal/ RH","INSS"
"Despesa","Despesas com Pessoal/ RH","INSS"
"Despesa","Despesas com Pessoal/ RH","INSS"
"Despesa","Despesas com Pessoal/ RH","INSS"
"Despesa","Despesas com Pessoal/ RH","INSS"
"Despesa","Despesas com Pessoal/ RH","INSS"
"Despesa","Despesas com Pessoal/ RH","INSS"
"Despesa","Despesas com Pessoal/ RH","INSS"
"Despesa","Despesas com Pessoal/ RH","INSS"
"Despesa","Despesas com Pessoal/ RH","INSS"
"Despesa","Despesas com Pessoal/ RH","INSS"
"Despesa","Despesas Financeiras","Juros Pagos"
"Despesa","Despesas Financeiras","Juros Pagos"
"Despesa","Despesas Financeiras","Juros Pagos"
"Despesa","Despesas Financeiras","Juros Pagos"
"Despesa","Despesas Financeiras","Juros Pagos"
"Despesa","Despesas Financeiras","Juros Pagos"
"Despesa","Despesas Financeiras","Juros Pagos"
"Despesa","Despesas Financeiras","Juros Pagos"
"Despesa","Despesas Financeiras","Juros Pagos"
"Despesa","Despesas Financeiras","Juros Pagos"
"Despesa","Despesas Financeiras","Juros Pagos"
"Despesa","Despesas Financeiras","Juros Pagos"
"Despesa","Despesas com Pessoal/ RH","Transporte Funcionario"
"Despesa","Despesas com Pessoal/ RH","Transporte Funcionario"
"Despesa","Despesas com Pessoal/ RH","Transporte Funcionario"
"Despesa","Despesas com Pessoal/ RH","Transporte Funcionario"
"Despesa","Despesas com Pessoal/ RH","Transporte Funcionario"
"Despesa","Despesas com Pessoal/ RH","Transporte Funcionario"
"Despesa","Despesas com Pessoal/ RH","Transporte Funcionario"
"Despesa","Despesas com Pessoal/ RH","Transporte Funcionario"
"Despesa","Despesas com Pessoal/ RH","Transporte Funcionario"
"Despesa","Despesas com Pessoal/ RH","Transporte Funcionario"
"Despesa","Despesas com Pessoal/ RH","Transporte Funcionario"
"Despesa","Despesas com Pessoal/ RH","Transporte Funcionario"
"Despesa","Contas de Consumo","Telefone/ Internet"
"Despesa","Contas de Consumo","Telefone/ Internet"
"Despesa","Contas de Consumo","Telefone/ Internet"
"Despesa","Contas de Consumo","Telefone/ Internet"
"Despesa","Contas de Consumo","Telefone/ Internet"
"Despesa","Contas de Consumo","Telefone/ Internet"
"Despesa","Contas de Consumo","Telefone/ Internet"
"Despesa","Contas de Consumo","Telefone/ Internet"
"Despesa","Contas de Consumo","Telefone/ Internet"
"Despesa","Contas de Consumo","Telefone/ Internet"
"Despesa","Contas de Consumo","Telefone/ Internet"
"Despesa","Contas de Consumo","Telefone/ Internet"
"Despesa","Despesas Informatica","Locaçao Impressora"
"Despesa","Despesas Informatica","Locaçao Impressora"
"Despesa","Despesas Informatica","Locaçao Impressora"
"Despesa","Despesas Informatica","Locaçao Impressora"
"Despesa","Despesas Informatica","Locaçao Impressora"
"Despesa","Despesas Informatica","Locaçao Impressora"
"Despesa","Despesas Informatica","Locaçao Impressora"
"Despesa","Despesas Informatica","Locaçao Impressora"
"Despesa","Despesas Informatica","Locaçao Impressora"
"Despesa","Despesas Informatica","Locaçao Impressora"
"Despesa","Despesas Informatica","Locaçao Impressora"
"Despesa","Despesas Informatica","Locaçao Impressora"
"Despesa","Despesas com Pessoal/ RH","13º Salario"
"Despesa","Despesas com Pessoal/ RH","13º Salario"
"Despesa","Despesas com Pessoal/ RH","13º Salario"
"Despesa","Despesas com Pessoal/ RH","13º Salario"
"Despesa","Despesas com Pessoal/ RH","13º Salario"
"Despesa","Despesas com Pessoal/ RH","13º Salario"
"Despesa","Despesas com Pessoal/ RH","13º Salario"
"Despesa","Despesas com Pessoal/ RH","13º Salario"
"Despesa","Despesas com Pessoal/ RH","13º Salario"
"Despesa","Despesas com Pessoal/ RH","13º Salario"
"Despesa","Despesas com Pessoal/ RH","13º Salario"
"Despesa","Despesas com Pessoal/ RH","13º Salario"
"Despesa","Despesas com Pessoal/ RH","Tarifa Reemissao Cartao"
"Despesa","Despesas com Pessoal/ RH","Tarifa Reemissao Cartao"
"Despesa","Despesas com Pessoal/ RH","Tarifa Reemissao Cartao"
"Despesa","Despesas com Pessoal/ RH","Tarifa Reemissao Cartao"
"Despesa","Despesas com Pessoal/ RH","Tarifa Reemissao Cartao"
"Despesa","Despesas com Pessoal/ RH","Tarifa Reemissao Cartao"
"Despesa","Despesas com Pessoal/ RH","Tarifa Reemissao Cartao"
"Despesa","Despesas com Pessoal/ RH","Tarifa Reemissao Cartao"
"Despesa","Despesas com Pessoal/ RH","Tarifa Reemissao Cartao"
"Despesa","Despesas com Pessoal/ RH","Tarifa Reemissao Cartao"
"Despesa","Despesas com Pessoal/ RH","Tarifa Reemissao Cartao"
"Despesa","Despesas com Pessoal/ RH","Tarifa Reemissao Cartao"
"Imposto","Impostos Estaduais","ICMS Mensal"
"Imposto","Impostos Estaduais","ICMS Mensal"
"Imposto","Impostos Estaduais","ICMS Mensal"
"Imposto","Impostos Estaduais","ICMS Mensal"
"Imposto","Impostos Estaduais","ICMS Mensal"
"Imposto","Impostos Estaduais","ICMS Mensal"
"Imposto","Impostos Estaduais","ICMS Mensal"
"Imposto","Impostos Estaduais","ICMS Mensal"
"Imposto","Impostos Estaduais","ICMS Mensal"
"Imposto","Impostos Estaduais","ICMS Mensal"
"Imposto","Impostos Estaduais","ICMS Mensal"
"Imposto","Impostos Estaduais","ICMS Mensal"
"Despesa","Despesas Viagem","Viagem Deslocamento"
"Despesa","Despesas Viagem","Viagem Deslocamento"
"Despesa","Despesas Viagem","Viagem Deslocamento"
"Despesa","Despesas Viagem","Viagem Deslocamento"
"Despesa","Despesas Viagem","Viagem Deslocamento"
"Despesa","Despesas Viagem","Viagem Deslocamento"
"Despesa","Despesas Viagem","Viagem Deslocamento"
"Despesa","Despesas Viagem","Viagem Deslocamento"
"Despesa","Despesas Viagem","Viagem Deslocamento"
"Despesa","Despesas Viagem","Viagem Deslocamento"
"Despesa","Despesas Viagem","Viagem Deslocamento"
"Despesa","Despesas Viagem","Viagem Deslocamento"
"Despesa","Despesas com Pessoal/ RH","Abono Pecuniario Ferias"
"Despesa","Despesas com Pessoal/ RH","Abono Pecuniario Ferias"
"Despesa","Despesas com Pessoal/ RH","Abono Pecuniario Ferias"
"Despesa","Despesas com Pessoal/ RH","Abono Pecuniario Ferias"
"Despesa","Despesas com Pessoal/ RH","Abono Pecuniario Ferias"
"Despesa","Despesas com Pessoal/ RH","Abono Pecuniario Ferias"
"Despesa","Despesas com Pessoal/ RH","Abono Pecuniario Ferias"
"Despesa","Despesas com Pessoal/ RH","Abono Pecuniario Ferias"
"Despesa","Despesas com Pessoal/ RH","Abono Pecuniario Ferias"
"Despesa","Despesas com Pessoal/ RH","Abono Pecuniario Ferias"
"Despesa","Despesas com Pessoal/ RH","Abono Pecuniario Ferias"
"Despesa","Despesas com Pessoal/ RH","Abono Pecuniario Ferias"
"Despesa","Despesas com Pessoal/ RH","Ferias"
"Despesa","Despesas com Pessoal/ RH","Ferias"
"Despesa","Despesas com Pessoal/ RH","Ferias"
"Despesa","Despesas com Pessoal/ RH","Ferias"
"Despesa","Despesas com Pessoal/ RH","Ferias"
"Despesa","Despesas com Pessoal/ RH","Ferias"
"Despesa","Despesas com Pessoal/ RH","Ferias"
"Despesa","Despesas com Pessoal/ RH","Ferias"
"Despesa","Despesas com Pessoal/ RH","Ferias"
"Despesa","Despesas com Pessoal/ RH","Ferias"
"Despesa","Despesas com Pessoal/ RH","Ferias"
"Despesa","Despesas com Pessoal/ RH","Ferias"
"Despesa","Despesas com Pessoal/ RH","Salario"
"Despesa","Despesas com Pessoal/ RH","Salario"
"Despesa","Despesas com Pessoal/ RH","Salario"
"Despesa","Despesas com Pessoal/ RH","Salario"
"Despesa","Despesas com Pessoal/ RH","Salario"
"Despesa","Despesas com Pessoal/ RH","Salario"
"Despesa","Despesas com Pessoal/ RH","Salario"
"Despesa","Despesas com Pessoal/ RH","Salario"
"Despesa","Despesas com Pessoal/ RH","Salario"
"Despesa","Despesas com Pessoal/ RH","Salario"
"Despesa","Despesas com Pessoal/ RH","Salario"
"Despesa","Despesas com Pessoal/ RH","Salario"
"Despesa","Despesas com Pessoal/ RH","Açao Trabalhista"
"Despesa","Despesas com Pessoal/ RH","Açao Trabalhista"
"Despesa","Despesas com Pessoal/ RH","Açao Trabalhista"
"Despesa","Despesas com Pessoal/ RH","Açao Trabalhista"
"Despesa","Despesas com Pessoal/ RH","Açao Trabalhista"
"Despesa","Despesas com Pessoal/ RH","Açao Trabalhista"
"Despesa","Despesas com Pessoal/ RH","Açao Trabalhista"
"Despesa","Despesas com Pessoal/ RH","Açao Trabalhista"
"Despesa","Despesas com Pessoal/ RH","Açao Trabalhista"
"Despesa","Despesas com Pessoal/ RH","Açao Trabalhista"
"Despesa","Despesas com Pessoal/ RH","Açao Trabalhista"
"Despesa","Despesas com Pessoal/ RH","Açao Trabalhista"
"Imposto","Impostos Federais","CSLL"
"Imposto","Impostos Federais","CSLL"
"Imposto","Impostos Federais","CSLL"
"Imposto","Impostos Federais","CSLL"
"Imposto","Impostos Federais","CSLL"
"Imposto","Impostos Federais","CSLL"
"Imposto","Impostos Federais","CSLL"
"Imposto","Impostos Federais","CSLL"
"Imposto","Impostos Federais","CSLL"
"Imposto","Impostos Federais","CSLL"
"Imposto","Impostos Federais","CSLL"
"Imposto","Impostos Federais","CSLL"
"Despesa","Despesas Comerciais","Premiaçao Campanha Comercial"
"Despesa","Despesas Comerciais","Premiaçao Campanha Comercial"
"Despesa","Despesas Comerciais","Premiaçao Campanha Comercial"
"Despesa","Despesas Comerciais","Premiaçao Campanha Comercial"
"Despesa","Despesas Comerciais","Premiaçao Campanha Comercial"
"Despesa","Despesas Comerciais","Premiaçao Campanha Comercial"
"Despesa","Despesas Comerciais","Premiaçao Campanha Comercial"
"Despesa","Despesas Comerciais","Premiaçao Campanha Comercial"
"Despesa","Despesas Comerciais","Premiaçao Campanha Comercial"
"Despesa","Despesas Comerciais","Premiaçao Campanha Comercial"
"Despesa","Despesas Comerciais","Premiaçao Campanha Comercial"
"Despesa","Despesas Comerciais","Premiaçao Campanha Comercial"
"Despesa","Despesas Informatica","Equipamento Informatica"
"Despesa","Despesas Informatica","Equipamento Informatica"
"Despesa","Despesas Informatica","Equipamento Informatica"
"Despesa","Despesas Informatica","Equipamento Informatica"
"Despesa","Despesas Informatica","Equipamento Informatica"
"Despesa","Despesas Informatica","Equipamento Informatica"
"Despesa","Despesas Informatica","Equipamento Informatica"
"Despesa","Despesas Informatica","Equipamento Informatica"
"Despesa","Despesas Informatica","Equipamento Informatica"
"Despesa","Despesas Informatica","Equipamento Informatica"
"Despesa","Despesas Informatica","Equipamento Informatica"
"Despesa","Despesas Informatica","Equipamento Informatica"
"Despesa","Despesas com Pessoal/ RH","Confraternizaçao"
"Despesa","Despesas com Pessoal/ RH","Confraternizaçao"
"Despesa","Despesas com Pessoal/ RH","Confraternizaçao"
"Despesa","Despesas com Pessoal/ RH","Confraternizaçao"
"Despesa","Despesas com Pessoal/ RH","Confraternizaçao"
"Despesa","Despesas com Pessoal/ RH","Confraternizaçao"
"Despesa","Despesas com Pessoal/ RH","Confraternizaçao"
"Despesa","Despesas com Pessoal/ RH","Confraternizaçao"
"Despesa","Despesas com Pessoal/ RH","Confraternizaçao"
"Despesa","Despesas com Pessoal/ RH","Confraternizaçao"
"Despesa","Despesas com Pessoal/ RH","Confraternizaçao"
"Despesa","Despesas com Pessoal/ RH","Confraternizaçao"
"Investimento","Investimentos","Investimento Sistemas"
"Investimento","Investimentos","Investimento Sistemas"
"Investimento","Investimentos","Investimento Sistemas"
"Investimento","Investimentos","Investimento Sistemas"
"Investimento","Investimentos","Investimento Sistemas"
"Investimento","Investimentos","Investimento Sistemas"
"Investimento","Investimentos","Investimento Sistemas"
"Investimento","Investimentos","Investimento Sistemas"
"Investimento","Investimentos","Investimento Sistemas"
"Investimento","Investimentos","Investimento Sistemas"
"Investimento","Investimentos","Investimento Sistemas"
"Investimento","Investimentos","Investimento Sistemas"
"Despesa","Pagamento Royalties","Transferencia Saida de Royalties"
"Despesa","Pagamento Royalties","Transferencia Saida de Royalties"
"Despesa","Pagamento Royalties","Transferencia Saida de Royalties"
"Despesa","Pagamento Royalties","Transferencia Saida de Royalties"
"Despesa","Pagamento Royalties","Transferencia Saida de Royalties"
"Despesa","Pagamento Royalties","Transferencia Saida de Royalties"
"Despesa","Pagamento Royalties","Transferencia Saida de Royalties"
"Despesa","Pagamento Royalties","Transferencia Saida de Royalties"
"Despesa","Pagamento Royalties","Transferencia Saida de Royalties"
"Despesa","Pagamento Royalties","Transferencia Saida de Royalties"
"Despesa","Pagamento Royalties","Transferencia Saida de Royalties"
"Despesa","Pagamento Royalties","Transferencia Saida de Royalties"
"Investimento","Investimentos","Investimento Identificacao Fachada"
"Investimento","Investimentos","Investimento Identificacao Fachada"
"Investimento","Investimentos","Investimento Identificacao Fachada"
"Investimento","Investimentos","Investimento Identificacao Fachada"
"Investimento","Investimentos","Investimento Identificacao Fachada"
"Investimento","Investimentos","Investimento Identificacao Fachada"
"Investimento","Investimentos","Investimento Identificacao Fachada"
"Investimento","Investimentos","Investimento Identificacao Fachada"
"Investimento","Investimentos","Investimento Identificacao Fachada"
"Investimento","Investimentos","Investimento Identificacao Fachada"
"Investimento","Investimentos","Investimento Identificacao Fachada"
"Investimento","Investimentos","Investimento Identificacao Fachada"
"Despesa","Despesas Logisticas","Manutençao Veiculo"
"Despesa","Despesas Logisticas","Manutençao Veiculo"
"Despesa","Despesas Logisticas","Manutençao Veiculo"
"Despesa","Despesas Logisticas","Manutençao Veiculo"
"Despesa","Despesas Logisticas","Manutençao Veiculo"
"Despesa","Despesas Logisticas","Manutençao Veiculo"
"Despesa","Despesas Logisticas","Manutençao Veiculo"
"Despesa","Despesas Logisticas","Manutençao Veiculo"
"Despesa","Despesas Logisticas","Manutençao Veiculo"
"Despesa","Despesas Logisticas","Manutençao Veiculo"
"Despesa","Despesas Logisticas","Manutençao Veiculo"
"Despesa","Despesas Logisticas","Manutençao Veiculo"
"Despesa","Despesas MKT Publicidade","Propaganda"
"Despesa","Despesas MKT Publicidade","Propaganda"
"Despesa","Despesas MKT Publicidade","Propaganda"
"Despesa","Despesas MKT Publicidade","Propaganda"
"Despesa","Despesas MKT Publicidade","Propaganda"
"Despesa","Despesas MKT Publicidade","Propaganda"
"Despesa","Despesas MKT Publicidade","Propaganda"
"Despesa","Despesas MKT Publicidade","Propaganda"
"Despesa","Despesas MKT Publicidade","Propaganda"
"Despesa","Despesas MKT Publicidade","Propaganda"
"Despesa","Despesas MKT Publicidade","Propaganda"
"Despesa","Despesas MKT Publicidade","Propaganda"
"Despesa","Despesas Administrativas","Alvara/ Bombeiros/ Licença Ambiental"
"Despesa","Despesas Administrativas","Alvara/ Bombeiros/ Licença Ambiental"
"Despesa","Despesas Administrativas","Alvara/ Bombeiros/ Licença Ambiental"
"Despesa","Despesas Administrativas","Alvara/ Bombeiros/ Licença Ambiental"
"Despesa","Despesas Administrativas","Alvara/ Bombeiros/ Licença Ambiental"
"Despesa","Despesas Administrativas","Alvara/ Bombeiros/ Licença Ambiental"
"Despesa","Despesas Administrativas","Alvara/ Bombeiros/ Licença Ambiental"
"Despesa","Despesas Administrativas","Alvara/ Bombeiros/ Licença Ambiental"
"Despesa","Despesas Administrativas","Alvara/ Bombeiros/ Licença Ambiental"
"Despesa","Despesas Administrativas","Alvara/ Bombeiros/ Licença Ambiental"
"Despesa","Despesas Administrativas","Alvara/ Bombeiros/ Licença Ambiental"
"Despesa","Despesas Administrativas","Alvara/ Bombeiros/ Licença Ambiental"
"Despesa","Despesas com Pessoal/ RH","13º Salario SR"
"Despesa","Despesas com Pessoal/ RH","13º Salario SR"
"Despesa","Despesas com Pessoal/ RH","13º Salario SR"
"Despesa","Despesas com Pessoal/ RH","13º Salario SR"
"Despesa","Despesas com Pessoal/ RH","13º Salario SR"
"Despesa","Despesas com Pessoal/ RH","13º Salario SR"
"Despesa","Despesas com Pessoal/ RH","13º Salario SR"
"Despesa","Despesas com Pessoal/ RH","13º Salario SR"
"Despesa","Despesas com Pessoal/ RH","13º Salario SR"
"Despesa","Despesas com Pessoal/ RH","13º Salario SR"
"Despesa","Despesas com Pessoal/ RH","13º Salario SR"
"Despesa","Despesas com Pessoal/ RH","13º Salario SR"
"Despesa","Despesas com Pessoal/ RH","Presente Funcionario"
"Despesa","Despesas com Pessoal/ RH","Presente Funcionario"
"Despesa","Despesas com Pessoal/ RH","Presente Funcionario"
"Despesa","Despesas com Pessoal/ RH","Presente Funcionario"
"Despesa","Despesas com Pessoal/ RH","Presente Funcionario"
"Despesa","Despesas com Pessoal/ RH","Presente Funcionario"
"Despesa","Despesas com Pessoal/ RH","Presente Funcionario"
"Despesa","Despesas com Pessoal/ RH","Presente Funcionario"
"Despesa","Despesas com Pessoal/ RH","Presente Funcionario"
"Despesa","Despesas com Pessoal/ RH","Presente Funcionario"
"Despesa","Despesas com Pessoal/ RH","Presente Funcionario"
"Despesa","Despesas com Pessoal/ RH","Presente Funcionario"
"Investimento","Investimentos","Investimento Cameras de Segurança"
"Investimento","Investimentos","Investimento Cameras de Segurança"
"Investimento","Investimentos","Investimento Cameras de Segurança"
"Investimento","Investimentos","Investimento Cameras de Segurança"
"Investimento","Investimentos","Investimento Cameras de Segurança"
"Investimento","Investimentos","Investimento Cameras de Segurança"
"Investimento","Investimentos","Investimento Cameras de Segurança"
"Investimento","Investimentos","Investimento Cameras de Segurança"
"Investimento","Investimentos","Investimento Cameras de Segurança"
"Investimento","Investimentos","Investimento Cameras de Segurança"
"Investimento","Investimentos","Investimento Cameras de Segurança"
"Investimento","Investimentos","Investimento Cameras de Segurança"
"Imposto","Impostos Federais","COFINS"
"Imposto","Impostos Federais","COFINS"
"Imposto","Impostos Federais","COFINS"
"Imposto","Impostos Federais","COFINS"
"Imposto","Impostos Federais","COFINS"
"Imposto","Impostos Federais","COFINS"
"Imposto","Impostos Federais","COFINS"
"Imposto","Impostos Federais","COFINS"
"Imposto","Impostos Federais","COFINS"
"Imposto","Impostos Federais","COFINS"
"Imposto","Impostos Federais","COFINS"
"Imposto","Impostos Federais","COFINS"
"Despesa","Despesas Comerciais","Aplicativos (SPOTIFY/ CANVA/ NET)"
"Despesa","Despesas Comerciais","Aplicativos (SPOTIFY/ CANVA/ NET)"
"Despesa","Despesas Comerciais","Aplicativos (SPOTIFY/ CANVA/ NET)"
"Despesa","Despesas Comerciais","Aplicativos (SPOTIFY/ CANVA/ NET)"
"Despesa","Despesas Comerciais","Aplicativos (SPOTIFY/ CANVA/ NET)"
"Despesa","Despesas Comerciais","Aplicativos (SPOTIFY/ CANVA/ NET)"
"Despesa","Despesas Comerciais","Aplicativos (SPOTIFY/ CANVA/ NET)"
"Despesa","Despesas Comerciais","Aplicativos (SPOTIFY/ CANVA/ NET)"
"Despesa","Despesas Comerciais","Aplicativos (SPOTIFY/ CANVA/ NET)"
"Despesa","Despesas Comerciais","Aplicativos (SPOTIFY/ CANVA/ NET)"
"Despesa","Despesas Comerciais","Aplicativos (SPOTIFY/ CANVA/ NET)"
"Despesa","Despesas Comerciais","Aplicativos (SPOTIFY/ CANVA/ NET)"
"Despesa","Despesas com Pessoal/ RH","Premiaçao Funcionario"
"Despesa","Despesas com Pessoal/ RH","Premiaçao Funcionario"
"Despesa","Despesas com Pessoal/ RH","Premiaçao Funcionario"
"Despesa","Despesas com Pessoal/ RH","Premiaçao Funcionario"
"Despesa","Despesas com Pessoal/ RH","Premiaçao Funcionario"
"Despesa","Despesas com Pessoal/ RH","Premiaçao Funcionario"
"Despesa","Despesas com Pessoal/ RH","Premiaçao Funcionario"
"Despesa","Despesas com Pessoal/ RH","Premiaçao Funcionario"
"Despesa","Despesas com Pessoal/ RH","Premiaçao Funcionario"
"Despesa","Despesas com Pessoal/ RH","Premiaçao Funcionario"
"Despesa","Despesas com Pessoal/ RH","Premiaçao Funcionario"
"Despesa","Despesas com Pessoal/ RH","Premiaçao Funcionario"
"Despesa","Despesas Administrativas","Despesa Cartorio/ Tabelionato"
"Despesa","Despesas Administrativas","Despesa Cartorio/ Tabelionato"
"Despesa","Despesas Administrativas","Despesa Cartorio/ Tabelionato"
"Despesa","Despesas Administrativas","Despesa Cartorio/ Tabelionato"
"Despesa","Despesas Administrativas","Despesa Cartorio/ Tabelionato"
"Despesa","Despesas Administrativas","Despesa Cartorio/ Tabelionato"
"Despesa","Despesas Administrativas","Despesa Cartorio/ Tabelionato"
"Despesa","Despesas Administrativas","Despesa Cartorio/ Tabelionato"
"Despesa","Despesas Administrativas","Despesa Cartorio/ Tabelionato"
"Despesa","Despesas Administrativas","Despesa Cartorio/ Tabelionato"
"Despesa","Despesas Administrativas","Despesa Cartorio/ Tabelionato"
"Despesa","Despesas Administrativas","Despesa Cartorio/ Tabelionato"
"Despesa","Contabilidade","Certificado Digital"
"Despesa","Contabilidade","Certificado Digital"
"Despesa","Contabilidade","Certificado Digital"
"Despesa","Contabilidade","Certificado Digital"
"Despesa","Contabilidade","Certificado Digital"
"Despesa","Contabilidade","Certificado Digital"
"Despesa","Contabilidade","Certificado Digital"
"Despesa","Contabilidade","Certificado Digital"
"Despesa","Contabilidade","Certificado Digital"
"Despesa","Contabilidade","Certificado Digital"
"Despesa","Contabilidade","Certificado Digital"
"Despesa","Contabilidade","Certificado Digital"
"Despesa","Despesas MKT Eventos","Evento Romance"
"Despesa","Despesas MKT Eventos","Evento Romance"
"Despesa","Despesas MKT Eventos","Evento Romance"
"Despesa","Despesas MKT Eventos","Evento Romance"
"Despesa","Despesas MKT Eventos","Evento Romance"
"Despesa","Despesas MKT Eventos","Evento Romance"
"Despesa","Despesas MKT Eventos","Evento Romance"
"Despesa","Despesas MKT Eventos","Evento Romance"
"Despesa","Despesas MKT Eventos","Evento Romance"
"Despesa","Despesas MKT Eventos","Evento Romance"
"Despesa","Despesas MKT Eventos","Evento Romance"
"Despesa","Despesas MKT Eventos","Evento Romance"
"Despesa","Despesas Administrativas","Despesa Dedetizaçao"
"Despesa","Despesas Administrativas","Despesa Dedetizaçao"
"Despesa","Despesas Administrativas","Despesa Dedetizaçao"
"Despesa","Despesas Administrativas","Despesa Dedetizaçao"
"Despesa","Despesas Administrativas","Despesa Dedetizaçao"
"Despesa","Despesas Administrativas","Despesa Dedetizaçao"
"Despesa","Despesas Administrativas","Despesa Dedetizaçao"
"Despesa","Despesas Administrativas","Despesa Dedetizaçao"
"Despesa","Despesas Administrativas","Despesa Dedetizaçao"
"Despesa","Despesas Administrativas","Despesa Dedetizaçao"
"Despesa","Despesas Administrativas","Despesa Dedetizaçao"
"Despesa","Despesas Administrativas","Despesa Dedetizaçao"
"Despesa","Despesas Informatica","Manutençao Informatica"
"Despesa","Despesas Informatica","Manutençao Informatica"
"Despesa","Despesas Informatica","Manutençao Informatica"
"Despesa","Despesas Informatica","Manutençao Informatica"
"Despesa","Despesas Informatica","Manutençao Informatica"
"Despesa","Despesas Informatica","Manutençao Informatica"
"Despesa","Despesas Informatica","Manutençao Informatica"
"Despesa","Despesas Informatica","Manutençao Informatica"
"Despesa","Despesas Informatica","Manutençao Informatica"
"Despesa","Despesas Informatica","Manutençao Informatica"
"Despesa","Despesas Informatica","Manutençao Informatica"
"Despesa","Despesas Informatica","Manutençao Informatica"
"Receita","",""
"Receita","",""
"Receita","",""
"Receita","",""
"Receita","",""
"Receita","",""
"Receita","",""
"Receita","",""
"Receita","",""
"Receita","",""
"Receita","",""
"Receita","",""
"Receita","Receitas Externas OP","Receita Revenda Produtos"
"Receita","Receitas Externas OP","Receita Revenda Produtos"
"Receita","Receitas Externas OP","Receita Revenda Produtos"
"Receita","Receitas Externas OP","Receita Revenda Produtos"
"Receita","Receitas Externas OP","Receita Revenda Produtos"
"Receita","Receitas Externas OP","Receita Revenda Produtos"
"Receita","Receitas Externas OP","Receita Revenda Produtos"
"Receita","Receitas Externas OP","Receita Revenda Produtos"
"Receita","Receitas Externas OP","Receita Revenda Produtos"
"Receita","Receitas Externas OP","Receita Revenda Produtos"
"Receita","Receitas Externas OP","Receita Revenda Produtos"
"Receita","Receitas Externas OP","Receita Revenda Produtos"
